Standardised_Quarter,Overall unemployment rate,"Agriculture, forestry, fishing, mining, energy & water (A, B, D, E)",Manufacturing (C),Construction (F),"Wholesale, retail & repair of motor vehicles (G)",Transport & storage (H),Accommodation & food services (I),Information & communication (J),"Financial,  insurance & real estate activities (K, L)","Professional, scientific & technical activities (M)",Administrative & support services (N),Public admin & defence; social security (O),Education (P),Human health & social work activities (Q),"Other services (R, S, T)"
1995_Q1,8.9507078646269,7.375231297509243,8.859834663352032,13.064910851117492,7.983369276757192,6.908153582466074,11.1465284374548,6.811928057624031,4.014514734643959,4.325239280307215,11.097184354365607,4.562460682713638,3.4137527974208757,3.794349202979318,7.850067200955747
1995_Q2,8.595227706871697,6.481964438292664,7.964925259729054,12.458801477935204,7.424430804889987,7.007257229221636,9.962844717601453,6.54183452913817,4.032568800269498,4.372210683195709,11.033938555561027,4.298157887264846,3.639627646872818,3.7234235302354235,6.498981550393671
1995_Q3,8.88491212750266,6.122547747614164,7.979558974564892,11.686721376091125,7.589674214015601,7.369748491406887,9.459627041507732,6.411621675445491,4.262474361828356,4.432430266110933,10.113778284353552,4.484188334933492,4.579206967273109,3.513187143307234,6.842640814903501
1995_Q4,8.123446407326428,5.038841849283187,7.645848839622451,11.537069727778775,6.737550499456768,6.860964168080646,10.023650719585724,5.191764895185946,4.269882754259658,4.241875665846957,10.265008394029177,4.192403620902317,3.313536608281987,3.4211178543781084,7.259723094388672
1996_Q1,8.300880483243386,6.589230055997336,8.017046509503194,12.348846517986715,6.8111188813803984,7.463956374139892,11.251616355975722,4.903385665349081,3.9703216039712017,4.198554924177181,10.899347257018952,3.4457734507804045,3.400728640811367,3.2653684728573715,7.554345215595286
1996_Q2,8.192943464925477,6.126280564635415,7.83286631648336,11.471948136000396,6.841372144838815,5.970200614921323,10.701388810668949,5.784229367453794,3.2326217012811758,3.6062828946308225,9.48507983030725,3.9853211905467,3.2062154620561363,3.5080960037935047,7.53633799477723
1996_Q3,8.30569936055166,5.773316451959054,7.112408779426669,10.81163596118802,7.067237319938044,5.504691585269276,9.829541921672782,5.702598155442102,3.8862925586852253,4.2704272929511715,9.008960034791285,3.8293632834192417,3.491602694297579,3.5058202033021617,7.371951384932585
1996_Q4,7.655703103420149,5.8259683737124615,6.529267308133307,9.963171246346098,6.301097351889692,5.151218864568913,10.117939025493163,4.981940363170585,3.286349302838038,3.400049740951912,9.305664738680674,4.077526800198221,3.180498387772436,3.4035844856307285,6.8071988935117
1997_Q1,7.376654543786186,5.557146274242259,6.154853498086694,10.290505737985372,6.087887100334032,6.09982171958112,10.070804493022155,4.395465659447257,2.6289098014712393,3.0255675821882146,8.649735772927816,3.6085294184314782,2.6423889024811746,3.3257131992330575,6.412039680999186
1997_Q2,7.115846881215725,5.833717549098175,5.9999640763736295,9.164087683142293,5.828413798271352,5.432175976739659,9.097916568410131,3.454176673232773,2.835953205815472,2.789866191996072,8.807821054405128,3.646228974498101,2.8899733702474104,3.1849890975707984,5.630156720049548
1997_Q3,7.082262334667326,4.802167198930412,5.5461475831586995,8.425809963107252,5.498610580719792,4.299736496733254,8.953730432670309,3.626912796225535,2.8971090813226974,3.045660697720521,8.933519745669782,3.3307105121917187,3.449849934393429,3.3864003748579288,5.9878068468823455
1997_Q4,6.351595705345249,4.6977478729641575,5.356157666275891,7.385984576757531,5.110872644705034,4.47477402615022,8.658905191306122,3.8733184524938777,2.541027306442685,2.359110500584588,7.940488657569625,2.893704621392954,2.7787364783900053,3.0629992694743113,5.233069696222118
1998_Q1,6.4119258527373075,4.930144916756542,5.889861132750657,6.947290701164219,5.394472774935659,5.064398538574421,8.503624314841389,3.775060347648454,2.5382400091811887,2.721742929648503,7.732238130116582,3.1347217380505557,2.4446675901968975,2.906322377011699,5.253038948151823
1998_Q2,6.208339356247892,3.9442801992080723,5.7554771716050155,6.4934570642030645,5.50205073889236,5.0517122654977245,7.505504758350439,3.8597498496541522,2.15536776932221,2.5349831656789563,6.41355967993113,3.1730864175927467,2.6238730949251803,2.837423592103726,5.087550876193502
1998_Q3,6.473321050184275,3.713570130317831,5.925976988518357,6.162128472103772,5.195808689408413,4.794106143793545,7.862614307658999,3.6075928592822355,2.4572224074715576,2.673859783124872,6.688107504827963,2.5638214448974432,3.4584042611337975,2.7240995883860353,4.9833610308104275
1998_Q4,5.960214026800792,4.643386035153047,5.7074392175728095,5.98827394591805,4.634688441733278,4.598407452498879,7.796743152081106,3.998129092609916,2.5726841308339745,2.7102941293757428,7.272240300280035,2.1473164133891496,2.7072443713599252,2.478430566967954,4.92546050280901
1999_Q1,6.2261750793181,5.193847544081644,6.15211144994682,6.857239023521819,5.122668717110352,4.927278416123706,9.079886330728609,4.211639499502483,2.252090501362671,2.6235725494350635,7.389706618699685,2.566180694644992,2.220313271069033,2.408764268689638,5.056571371555372
1999_Q2,5.951071192953945,4.722206651957013,6.051691110415032,6.335653963363723,4.630228912840711,4.699928553630711,7.90569487529176,3.7972876921564627,3.0476108667182547,2.7138796663581632,6.610822805757584,1.9471594980182545,2.4386733408326995,2.2876235122796698,3.9712530975468403
1999_Q3,6.1088574559191,4.298258573363509,5.702513531035863,5.878810149944012,4.4960326175611005,4.157101057843799,7.90415761119755,4.100386072033735,2.6707675811423774,2.8914882763715677,6.623933720522607,2.0567813909155124,2.6645759299293914,2.933701785710199,4.104509396435048
1999_Q4,5.631757614987228,3.4352161091985143,5.112517283556968,5.888273279411664,4.319685971519932,3.7664360097633423,8.189833829458532,3.6560545996975766,2.153831798954964,2.5870468817973493,6.880903550842025,2.209703843579549,2.5784684212340507,2.4290478223529237,4.441119871628592
2000_Q1,5.845343657237175,3.2639236112478134,5.832754825601084,5.763794176303435,4.9200082445769695,3.910400290201489,8.265802924430641,3.889004664881935,2.2758953804175124,2.054610966019923,6.560457429321064,2.141851317175601,2.1840651680291643,2.7161814555534547,4.826325928329946
2000_Q2,5.382752037032637,3.5314873399865334,5.323444714361557,5.894200612266215,4.610860993151661,3.3976466977961035,7.066684860257172,3.2431515888873155,2.4712482964903275,1.883576848274104,6.522334303523252,1.6229802931302328,1.9267960747797437,2.205955298185132,3.6201381153337118
2000_Q3,5.540001257658161,3.7645263043126818,4.955959503477267,4.5253718833613314,4.720921010945904,3.2364847848503797,6.976650920659404,2.9004839073936077,2.1521617818738297,2.1280906836698548,5.955888643635679,1.4284486942490517,2.438554777115185,2.553057692270252,4.150307273527721
2000_Q4,5.066315787193557,3.7001933841200514,4.74374433341682,4.775510075648841,4.413857638702788,3.25937346521358,7.2031998349291495,2.577840821896218,1.7091926278997593,1.9899733355074514,5.934183398107255,1.622454629755231,2.0259607594490823,2.3323874792358463,4.326202563062764
2001_Q1,5.1378063623417685,3.635334916535481,4.821396536013769,5.238012853090545,4.439387943847602,4.302483013117211,7.66604693947619,3.4095945025200294,2.0290140731326565,1.7077526971774832,5.642325919505683,1.629672861885582,1.6739314499930693,2.2831893278497297,4.122913958276376
2001_Q2,4.8955517750585065,3.636945674661756,4.996032803823153,4.037158339466101,4.049757402730175,3.8572513382453244,7.295611905863174,3.4546430505764323,1.573009261921771,1.808155413316737,5.378281915053537,1.5620807422083791,1.611088545807295,1.7118248515969867,3.724229957887743
2001_Q3,5.312915809756374,3.394303056090265,4.789556719534214,3.932004355853702,4.303977302249707,3.8637258885452948,6.739092986666972,4.3092862473200215,2.294228108255448,2.6245645886098306,5.812819987712472,1.7519130408227883,2.0461718175499852,2.0911401231813476,3.569661883018047
2001_Q4,5.041604449441895,3.022506492257382,4.634883790311347,4.095640888458449,4.225298873284365,3.782161891290771,6.527182820747707,4.403984741340646,2.345025140123906,2.0784665815795504,6.28173282328978,1.807836922276131,1.7610843699079857,2.1319713774185267,4.458844430110876
2002_Q1,5.2049758219810895,3.016671293045736,5.42944892681536,4.876221188999637,4.819721516388837,4.135656105261864,7.641883955480959,5.101152247986809,2.5632834732238168,2.447765161428225,6.446520183750694,1.66849534546166,1.9097278490886314,1.9703680732056459,4.2607562482121475
2002_Q2,5.017781589715456,2.9485317898149614,5.242768285889237,4.817106341172523,4.556816679084379,3.7529116678695225,6.87076793544686,4.581909706706265,2.6574597884374116,2.3083974151589812,6.6318856346920185,1.5248806733258522,1.5694083356038402,2.194252083607788,4.172889179615664
2002_Q3,5.52203846709848,4.002477838073017,5.250577888416244,4.558902312547649,4.630375398552129,3.8319301619457966,7.992715294254224,4.97303411128033,2.6434540975805962,1.7030614764503147,6.317028599428448,1.9977902944695431,2.623490281997754,2.5819281650236188,3.9882265394530525
2002_Q4,4.99503468736139,3.1003220171556456,4.73525878384694,3.9546399158478076,4.224342791962976,3.8880427685921495,7.822712097737938,4.428575158840261,2.524642047380948,1.8820640814918528,6.313970616006345,1.3976438172574466,2.041787514787093,2.4580728633638227,3.854218759596066
2003_Q1,5.184597971541802,4.253321738541202,5.6115296264769166,4.567295429789595,4.498399225705063,3.9850112981246895,7.386140006674538,5.173030379043138,3.204595621181059,2.149580851893587,5.774425875447412,1.9176531174264644,2.0228182337319196,2.128441758254735,4.249397866651821
2003_Q2,4.802253136872218,3.5427385076893976,5.151221899645166,3.8660496538770315,4.3480855185158385,3.655893919380414,7.828179182688596,4.807549237095553,2.994784888322928,2.4215769826640274,5.197147802257239,1.5213591661569879,1.5088239310960543,2.1036740529299673,3.6090959821428568
2003_Q3,5.259382900800827,2.6903955268122566,5.003426187104861,3.5434493954020763,4.445745073375813,3.7067739309273056,7.712822382210881,4.80815308095246,3.093255723689455,2.5049617393250942,5.1685862301450065,1.4495572165576633,2.0191175069639193,2.2356336392956413,4.0712348582993165
2003_Q4,4.783081004310017,2.7616767069312584,4.58673178756351,4.185325855386955,3.6656695131545467,3.6150596474227297,7.8028838841549595,4.432371605975053,2.5273017246039897,2.3787279286274154,5.503597890376444,1.511857218089725,1.7385327738388074,2.180477185675728,3.5185493631107736
2004_Q1,4.799299419178017,3.6366963344653938,4.623156220337988,4.340292356486296,4.091558172001473,3.7070119468932186,7.842507937694321,3.6366418780865093,2.8204960584762135,2.1602539774335994,5.997025371828522,1.6769159725148692,1.7894064786709674,2.054532074293326,3.999650769009191
2004_Q2,4.676948509312677,3.2644906285123216,4.718945615692799,4.002409049141706,3.844633528665091,4.071252865384158,7.3534559838388525,3.1888303389900834,2.6416690426109923,1.9307216083123677,4.909813930699725,1.4175398694115149,1.5338568881785208,2.144295349629866,3.3171447015446267
2004_Q3,4.898048812655484,2.389046773481403,3.6531943279763066,3.0698384379026664,3.7720599696341663,3.7539212094766676,7.17818045240138,3.914641016922983,2.7421741164456437,2.131071584140011,5.789426427662663,1.6090645467848756,1.787788990242073,2.3445626812389255,2.8899777340513673
2004_Q4,4.61491017872815,2.782514178085886,3.74030166993612,3.7486517213105524,3.9552651518450457,3.887650180870645,7.013009559969656,3.2766236746374022,3.2121959418556756,2.2524799694772986,5.823581639880685,1.5392135332210655,1.605640560734297,1.8841252980712957,3.018391554275273
2005_Q1,4.679576328257933,2.4810217070783245,4.321575226284163,3.6293349946486475,4.413224254539895,4.130643374504869,6.745201550405206,2.959016678263508,3.3919232517203612,2.3365780363691395,6.388733807477891,1.3533855171176403,1.697968782510265,1.8959287953931785,3.5031279702470255
2005_Q2,4.638420930889343,2.7841164683269946,4.450391559804346,3.5001988704784424,4.230810962433464,4.019855016230117,6.702633134545019,3.5787192947913127,3.03227232833761,1.8248287838993116,5.467921816827383,1.775768356120783,1.5032403281115458,2.0519942791959718,2.8890605486767353
2005_Q3,4.949708183854844,2.289301622577971,4.64986018046864,3.087800832412889,4.358453849896068,4.0279628968231265,7.5937023482769135,3.402158571319906,2.7316823128328167,2.0051696966100243,5.125827005952018,1.778028456512835,2.0780549078647006,2.093225264459885,3.339868017067361
2005_Q4,5.025795806387009,3.1563482076385365,4.789096249289841,3.32603042347938,4.344150812771855,3.700386427272689,7.6391867778625775,3.5672487440901466,2.6385309666787027,2.381289682795214,5.924571165847425,1.7379929888606802,1.8233507038008154,2.1010389835295786,3.24235277954373
2006_Q1,5.222370436349961,3.1981720051432827,5.067570199429266,3.705367745490109,5.117667489897123,3.9978258311160935,7.631595315863652,3.6180864312607843,3.10292794457628,2.263270919271369,6.624777254373584,1.9613364949018768,1.7282248159506945,2.3755325770857647,3.136999079076338
2006_Q2,5.373036087342243,2.428870452955579,4.86243400443385,4.122637847894999,5.305276973028324,3.8152336580631308,8.414080635661241,3.554117639116728,2.6544987992910407,2.487302578976502,7.648833284488596,1.8352375730523236,1.7929755039143043,2.4547185577884627,3.4924426319707416
2006_Q3,5.703134153122574,3.109996592774617,4.522934522739542,4.021104472845699,5.524112750148596,3.5473202253182476,8.059936210265803,3.3018027093287703,2.41738988846373,2.2881812097177203,6.341022273977355,2.0018516682819043,2.3964066666816866,2.3518099532212933,3.6392895742693625
2006_Q4,5.371851046703531,2.2103173448355706,4.716899254987367,3.7203047631627713,4.886805562803377,3.6782859220048847,7.994853161577097,3.3317637424506095,2.7863060280387915,2.254692245104505,6.466400174192409,1.8733747305832464,2.32665159729783,2.3224607157706636,3.5393652833352767
2007_Q1,5.5017797090283445,2.6188984421982844,5.210076443552164,4.08133694860303,5.640682134638451,4.1100077226433225,8.790861014167263,3.183995283456543,2.921556492674531,2.4499230929483784,6.329214713045986,1.6750312561389555,1.9671324823902783,2.9309973929103657,3.583644821261986
2007_Q2,5.258736432852746,2.4822247362054024,4.537047317480416,3.7124057910435724,5.682884218279627,3.751497963258103,8.65975117161505,2.566353308530428,2.1662828852871323,2.0272595984765154,5.9053279420071085,1.7854228906432068,1.742064451585633,2.6752432835652202,3.666849680137692
2007_Q3,5.535726655209258,2.1365693260745307,4.805278988522998,2.926534129857077,5.420493280173438,3.6334849349348435,8.202814532445018,2.9397357443506094,2.185238062581438,1.7490780313854057,6.085946342654276,1.797858919538969,2.132575528638914,2.287628280216892,3.731353869286052
2007_Q4,5.020316297910075,2.4607607440387564,4.148972235369647,2.946501820054907,4.4607348734539425,3.5939538141939225,7.332615851670599,3.7997305012053193,2.259965862248763,1.7977643102508754,5.451774161388277,2.1094334973034963,1.8737715210465047,2.464928625410752,3.942631667388288
2008_Q1,5.170648799342789,2.5208553594785155,4.6339921729498394,4.001046216695801,4.861188523413819,4.063260828773032,7.895874833793076,3.9306716186939026,2.449935163764189,1.7388134434596,5.953372581685044,1.9881076258447867,1.6241126830706245,2.5767399009623646,3.9423546172009405
2008_Q2,5.261448541973323,2.8288413253457514,4.962029698044419,4.089659466308131,5.359376061836035,4.645051366165478,6.92514936007169,3.4750050749208685,2.3853693627458745,1.696113412047879,4.773772690698234,2.0886888713411342,1.8592772751285649,2.606295279882709,3.810926756453519
2008_Q3,6.083677088231915,2.620946508755637,4.951009478018041,5.023532637864126,5.493788084768531,4.390792778765222,8.343436507086501,3.3686549947367306,2.9904795687618373,2.134490365834958,6.254614155372044,1.842369838755299,2.7227031555431442,2.7240115902388626,4.135805835833106
2008_Q4,6.212063237875283,2.691346174672459,6.035820876550376,6.303984000209333,5.537436374726569,4.640003613601736,8.620809253566984,3.5220048206909658,3.5804922459527564,2.594079473775875,7.176862383935015,1.8765139092192387,2.16116730565299,2.7528207407453777,4.321513079865449
2009_Q1,7.062884196328223,3.5726089675457304,7.722013833346039,8.209180402066911,6.980201517998373,5.373302077260002,10.064223243881875,4.234981905464263,3.8336233611824166,4.007523193386094,8.135362664297055,2.14122416616258,2.4108743088469264,2.7297896844983804,5.060361066135335
2009_Q2,7.680363817764152,3.9112220814930674,8.942411714610175,9.44450392048332,7.363681120648014,5.811501282673248,10.560987540038605,5.039799216555276,4.940305719721503,4.4576191177142395,8.819143195531666,2.619625279752827,2.2079463631340035,2.378642120308974,4.947638884884827
2009_Q3,8.068471377776962,4.927821324431722,8.122518504875307,9.755044904788726,7.270885451696571,6.690598877308399,10.227774250130453,6.254135117253547,4.807890336416283,3.576612284025033,9.83801501696078,2.1659051157911926,2.6702252135407574,2.722848756372625,5.198160681847287
2009_Q4,7.632498673081479,4.244606457372415,7.277673572070779,8.865756834487549,6.780759151520973,6.34365293594432,10.088796656615623,4.845667834470801,3.9587945607467394,4.072736115371721,9.702273421091816,2.6983774305513855,2.829066715595159,2.9686148406524504,5.319977987538261
2010_Q1,7.998436546439488,4.83753151582271,7.655689778626508,9.750255229444935,7.603176526307674,6.575641544320901,11.362945362102224,5.232195675305743,4.4011185808638045,4.079846643230931,10.177818178104157,2.749940411490781,2.566868161219823,3.020771912205353,5.996024734982332
2010_Q2,7.764572691643883,4.343067082920887,6.673528723420485,9.00432389953314,7.707273516383038,6.240333552547783,10.833692450243488,5.561388741854028,4.112009351905478,3.7146792649380664,9.126957737885078,2.3538248449202146,2.5501918677232185,3.11731854264156,5.004074201313914
2010_Q3,7.9754639523801325,4.561956058153203,6.833520846181834,7.453112233990544,7.473215201813015,5.552013178068911,10.533713550906688,5.004005787248592,4.141814537245341,3.4619855605077277,9.413939685107367,2.623089338750563,3.162358991486876,3.6488450602509284,5.17708026547909
2010_Q4,7.731054932742887,4.199148745519713,6.557092511921109,8.254881529098972,7.041417356007082,5.9349020306750395,11.003523432384398,5.196975066855073,3.6400042954538905,2.9997248242533923,9.206342937261795,2.7195830618892507,3.2290658100483123,3.20027736817285,4.933826010828471
2011_Q1,7.760913509632991,3.2322763043835447,6.184786855175277,8.174924591807892,7.304198560112875,6.379649112848187,10.843266619314877,4.8282925383057,3.683507961357076,3.2688807118694387,9.889127287534432,3.042102084837004,2.8452556244221485,3.085762174339027,5.858626010604604
2011_Q2,7.847571871799573,3.3980006625659205,5.62717424320458,8.041959943296018,7.279636228736126,5.590004488415381,11.594444542127029,5.02830517562658,3.7669136084921298,3.9503282340432486,9.303248277220737,3.1363126701906134,2.798298613570091,3.277960412996191,6.172638773513231
2011_Q3,8.555846351035541,4.600645497360549,6.323944794919402,7.441738055256465,7.687503158552442,5.345190329303324,12.32311010266138,4.218172952766215,4.7957293030449195,3.511514376996805,9.573887727599264,3.505835244029952,3.564608282905337,3.5942263979060556,5.584128597121266
2011_Q4,8.260395089964213,4.447349018030699,5.855491435160699,7.320257199609559,7.778202905157699,5.849834847912182,11.296714686563243,5.037295113586152,4.039282072226643,3.0665661385877643,8.956796769851952,3.1359862659659705,3.469049331816844,3.6358478987025205,6.340564704880052
2012_Q1,8.185271299796744,4.44252833629172,6.371585026128105,7.66667970830863,8.121609163910698,6.038788116121241,10.969320457610808,4.51753313361457,4.458748083071974,3.5561871179184252,8.874215653512236,2.6556646274956135,3.2226704813086613,3.9078123430664844,7.326957744479899
2012_Q2,7.910604288263615,4.968288207076398,6.381382031177623,7.617588456463903,7.663370726333427,6.003860478303567,10.20419064034708,4.220135965202953,4.070316848686737,3.890806974683738,8.015359031600042,3.257722797620229,3.0058590032383345,3.5198333943532827,5.000313930799993
2012_Q3,8.086697878354473,3.75323403025997,6.1619356260360165,7.119451560816476,7.164588320655501,5.715890501729029,9.895063976096234,5.062339521917178,3.7812709313240918,3.533382616138822,8.16554203499107,2.787968225663331,3.852325915516891,3.57767185337979,5.331143816382253
2012_Q4,7.679739744760806,4.199746772032786,6.048551367928335,6.129513909056488,6.645380213558869,5.85226760121325,10.751835255535644,4.6854284530841666,3.7626264872537445,3.135286558978323,8.562290170893597,3.0416050107153794,3.4081480392584997,3.739413586535227,4.650257166051086
2013_Q1,7.819149541047123,4.522186238127898,6.561407639794912,7.344545336304977,7.701087735510789,6.448930242272084,11.722736273500582,4.201752112555155,3.2022040353293897,3.187742171258189,8.14673689665042,2.3229132104215644,2.9013536637440662,3.9202427796134747,5.424840964797665
2013_Q2,7.670391694884696,3.9644692598567994,6.418552558195392,6.087892407945219,7.9287491256209375,6.644035010867941,10.90929437894085,3.9723514489460334,3.304635434407836,3.1217139978663133,7.920538989853494,2.4009624581633826,2.418446173405549,3.683424506063389,6.264539831629485
2013_Q3,7.842283489666689,4.352189801953169,5.699856989631749,5.166335419073359,7.544258163896729,5.393662409320264,9.972995002523454,4.457440961597944,3.321411965057807,2.487406548782806,8.009375109022116,2.612401707271965,3.348335177856688,3.949577652029443,5.938648381154865
2013_Q4,7.082869040800496,4.745712308633715,4.850256258107117,5.0212585162518515,6.3886852463308355,5.249155278351364,9.375859785584048,3.759477048545312,2.8046882383232816,2.876363997059486,7.828101726706019,2.4382241020248814,3.0341047419104843,3.3618118036208804,4.848093946515322
2014_Q1,6.729857695042564,3.6159609127600802,5.170639908108426,4.808032855311282,6.212468055648209,5.7892327227289515,8.66438894851771,4.057389321369023,2.7950624203885983,2.683041213864661,7.4361986702333365,2.3944945761305463,2.4643275184128686,3.2764410030118074,4.7148291151567925
2014_Q2,6.217879846989267,3.644216809506171,4.258818726523087,4.378377702107759,5.7076049069703485,4.6461664510004095,8.781184524577563,3.2280258828744723,2.588857214097881,2.3475131460279997,7.097332730822858,2.0508848549540812,2.161007933371835,3.230945139920315,4.431012686803016
2014_Q3,6.202383299911719,3.0399629242263875,4.056946083105846,3.6978114134648217,5.346670428289307,4.237532185933053,8.005525203632805,3.0695955250446545,2.6056708995235125,2.2398141859621186,6.409099603839784,2.5587133183081647,2.7079501950089155,2.9310725083577833,3.6219219885401395
2014_Q4,5.563811850014707,2.7600600068713415,3.6613860592465115,3.713887394363476,4.611993951043426,4.436001480712939,7.397636850675663,2.9714870479315434,2.983036621967568,2.1148667694895598,6.037284829879632,2.3659523540604175,1.9204015136832928,2.4003359367488786,3.570693954503406
2015_Q1,5.519146569377572,3.0677466909859374,3.86101892547851,3.3929820371539208,5.382520599895205,4.498917190493002,8.502474757473767,2.369562722368874,2.7474551760504946,2.2371816227426553,5.5071801714799395,2.500931546525794,1.6474932580506016,2.3560199617230166,3.182990263271784
2015_Q2,5.5408306195017305,3.345084741351546,3.8890039807623045,3.356801116806539,5.5061972554825696,3.9531317756413697,7.6694054691311635,2.704661031206303,2.8401304021479756,2.247346610416949,5.679096366445094,2.198888057433452,1.7630689065922165,2.454383909896925,3.1030295406558497
2015_Q3,5.527324090985198,3.13730800188707,3.5159566059938996,3.033765263819616,5.132238150570867,4.521453085257825,7.577912355437415,2.975801699393617,3.0321782927617913,1.8390562669827137,5.292955073781779,2.249054061664235,2.02738917444065,2.544250714593633,3.213102633700317
2015_Q4,4.948438519559196,2.9367599017873203,3.394693615544088,2.94825268874847,4.0676016546810345,2.926621530978106,7.718219873459799,2.449469446588173,2.569313633064615,2.0702980330370204,5.28498263220939,2.2465847599306277,1.9421708795742696,2.510603811563149,3.4984823269850014
2016_Q1,5.0601356460185185,3.2882215996961977,4.169981456324715,3.2614814982128317,4.446388100933943,3.5478998598825995,7.60121224649012,2.554641540209036,2.7942732734553344,1.8360778783605516,5.885592600298956,2.243670033261628,2.3486117393909014,2.1293755798875833,3.425976542054988
2016_Q2,4.8549375642726025,2.92666956916141,3.8978827769380007,2.8897243286599728,4.095355677737519,3.3800764274840738,6.417846408431154,3.744539561825988,1.9619561906978962,2.068696897146631,5.61756760168657,1.6729641071834407,2.0384194984733393,2.737562806099622,3.318747609885269
2016_Q3,5.036653147586611,3.2457808401353856,3.8532851771288303,3.088851165911078,3.8609102513418376,3.169277652036272,5.990423671593279,3.1775102620718134,2.77747187113166,2.2523634587090564,4.924720988922651,1.7947821597952132,2.4097278101241657,2.726667428383024,2.9592172842923614
2016_Q4,4.6190919178957195,2.4038310379558543,3.4051999379833555,2.8351163422218657,4.193518381977608,3.1725092345779373,6.368402441787341,2.14977256758256,2.7357372948871923,2.128224740399564,4.147558102459281,1.658016588691425,2.08493733971744,2.6499491140198512,2.784280736533441
2017_Q1,4.560729853299779,2.1924304508373607,3.2863755839709454,2.759732757447032,4.272825204984087,3.8562351219307525,5.846525079360632,2.819907801402844,3.5532616858096047,2.061810935575501,4.538136117608451,1.474020148629481,2.019349454517631,2.6655636991375946,3.4013129714940074
2017_Q2,4.352819895937012,1.9345916095530762,3.329754417689372,2.522787413002274,4.261368276813343,3.0029682862052804,5.464483158850246,3.330775950254589,3.277765856119387,2.184476987447699,3.839958757672618,1.7444484259482769,1.9606440286662499,2.288712112520187,2.783278362687975
2017_Q3,4.458807205245225,2.3081753723366347,2.7410625285885395,1.9363417647980201,4.0971413012391285,3.0360672564700644,5.748280687334163,2.7548209366391188,2.6319435336538906,1.8535407095178487,3.9604432711050137,1.7330486775201523,1.906000367075767,2.2818272584105856,3.0114951288597593
2017_Q4,4.235269494054278,1.6738008653635708,2.501629531887157,1.9396868424919715,3.736180693616573,3.0262025076092907,5.198483978962684,3.1131040612055276,2.4102607879124163,2.084944218525314,3.5673079600526405,2.425103158211413,2.007003484835997,2.212713916586879,3.231207072808626
2018_Q1,4.199255236005965,1.863100653551128,2.709734560419802,2.3015732676080183,4.109401772539156,3.130232847661385,5.994956153547378,2.848283594579663,2.9002565047383615,2.2352689558113146,3.7533351079305928,2.2901830459634875,2.0127005736211774,2.0860699224876305,2.794317608178966
2018_Q1,4.077788766428474,1.8225176561337546,2.7704224077632196,2.3488401303819555,3.851096331226257,3.379118548768222,5.829905677964549,2.753268579619881,2.7667018549238427,2.220430691883932,3.2973268522920076,2.437690664039896,1.8793732369199876,2.138620907068022,2.710771981401939
2018_Q2,3.9958689528493387,2.2210551906535505,2.7674457577293192,2.588816716101344,3.695772804719873,3.267446789866451,6.268144245328973,2.6673248287980313,2.6820834220804413,2.023870796601818,3.191840490490741,2.1527522162720607,1.8996590208335853,2.125482396323555,2.5315004828111385
2018_Q2,3.9589060141728543,2.4621488679079975,2.9304014522200634,2.6236898145461636,3.69101488663904,3.0463028732866113,6.209762206947394,2.203504823437542,2.480368182937893,1.660252797028398,3.282888270365958,1.887640149340008,1.7589491813095999,2.288668412577498,2.668893978288955
2018_Q2,4.108651443582637,2.4022043856088926,2.746982151555717,2.5256289527578333,3.887331727562878,2.9654903570691267,5.914439874652139,2.110464208436503,2.5684528908239157,1.4722094663032044,3.5178336708775433,1.825000699079632,1.906628939392147,2.3538263509052753,2.720210748490403
2018_Q3,4.200342021464795,2.537578880829682,2.797163022601768,2.4351158204786727,3.7968708613394493,3.084487515679374,5.750138390343882,2.5637785039810788,2.290753624164176,1.376801108056147,3.711559244303344,1.9998667631226597,2.1475550702436252,2.3123235121743297,2.867250719279938
2018_Q3,4.259991186759402,2.482945691940418,2.758617198455004,2.4755965247651317,3.6242669948931576,3.1644880141868876,5.6768777092884655,2.0977472948027196,2.077211915995637,1.6596428213968653,4.351969892347069,1.9445885802079426,2.320680419966517,2.1760920145989275,2.8399160659654847
2018_Q3,4.2512951777281875,2.818309120292418,2.7180098593812096,2.214496149206644,3.5364502589040314,3.3798765939149695,5.638228791825519,2.1037510998336337,2.083112160942725,1.9610318852912256,4.348995647597032,1.7500804466079007,2.3588968403953112,2.3010321473070103,3.211059330262748
2018_Q4,4.072043108407101,2.9476441294465467,2.647422299105501,2.07501062778326,3.4994889952998847,3.101226227367323,5.649286763073876,1.5505135042056364,2.145123684135825,2.070997494305148,4.292847086623298,1.3890428574595926,1.9662676739960459,2.3695195942262806,3.2416298085696162
2018_Q4,3.905104259061275,2.8230782315555074,2.6805164827237973,1.911094544122793,3.4983163910022532,3.009311523517302,5.312515142952192,1.9796539159067035,2.141310099589775,2.0017327530625404,3.8391140961158374,1.326083668970225,1.8750406764848078,2.197505524524472,3.0330586682265066
2019_Q4,3.79448041380087,2.538746265612185,2.9653235552487605,1.9611979102793653,3.429825257337519,2.9301130635562442,4.890671229070065,2.205196023288462,1.9008330547599401,1.911992183990293,3.581493009576374,1.3311607826497758,1.904992380895792,2.2584659749967777,2.5450077363173182
2019_Q1,3.869273314432023,2.0840923375198406,3.216101309783459,1.73424574504491,3.7360407518663097,3.288466134795223,5.2378377258637965,1.8345766255081175,2.16266333793385,1.9146034602532374,3.9484289921919005,1.3808262572375574,1.9521885654143467,2.4909816045894417,2.5346353950007403
2019_Q1,3.807238772090797,2.04239604234415,3.212920075917819,1.5933071203117655,3.919614658436849,3.3593999510667265,5.113929822131056,1.9515656418864813,2.5190304223927313,1.8706885362155046,3.5932287757981176,1.201466244014934,1.7940222278171418,2.3620309691731003,2.6535364214750548
2019_Q1,3.709119901995586,1.6625909399924268,3.1165953166932403,1.6733826083536123,3.938561162553887,3.023968241796782,5.349535380861562,2.06651456324429,2.4838827379126345,1.7750229310977275,3.3417674513657105,1.1372891105386356,1.7727432290119625,2.260388761703574,2.6589615160815545
2019_Q2,3.6113374799665774,1.367513855855163,3.057505529377825,1.8749253153238534,3.7312262624560577,3.079303733260769,4.841214474696276,2.273208420099125,2.2977683423991766,1.5575288753052516,3.8115243514739037,1.142216854117668,1.6427364828225846,1.8030269944147157,2.591781904508549
2019_Q2,3.8062127025818384,1.3763779113580203,3.057389668286465,1.9532849285513194,3.787828678917392,2.8540043767946934,5.713463723900571,2.1337656730438233,2.1836959582869313,1.710791946957652,3.929776260598223,1.0427793382653532,1.7831753877088143,1.9788461234096721,2.731251701105674
2019_Q2,3.868180231441528,1.3861323584837837,2.754252586624854,1.7961571479433118,3.9590830566261523,2.758162544684577,5.680452402637504,1.9501627486437614,2.178505243663056,1.6455231835651274,4.528296487620014,0.8937746355385131,1.5238051254371139,2.0073231171328887,2.5359380225803836
2019_Q3,4.029009073873489,1.7016873181577175,2.4841431298124057,1.914481459242584,4.160894601078523,2.5617220315658615,5.494545163472449,2.165089774342855,2.525197154568378,1.8841314631511057,3.977523454737513,1.1929456256189857,1.950685583140396,1.9871781787235647,3.00163321266386
2019_Q3,4.019415652506309,0.9512783659543864,2.5018676600634273,2.1742754957024704,4.211232987861404,2.7241460727700675,5.447105874459187,2.406925207756233,2.382679391486819,1.68822855330384,4.2527515482491065,1.1124199257082044,1.9548284279392751,2.1097842419135713,2.5734616003812616
2019_Q3,3.9615366762873165,1.7140381320419877,2.5065451768465086,2.291955458485577,3.938065168833088,3.021172693404942,5.929544543068698,2.3340985496429916,2.0314731680003626,1.6882915489993193,4.253034511911592,1.2854640620233952,1.8800181830291147,2.107896612542018,2.194279569002957
2019_Q4,3.8776350144645146,1.9735287548674658,2.5696830004280953,2.1279819989438153,4.0623349118481205,2.90432682144707,6.281468119518877,2.0633236414079477,1.8180674901066145,1.851530544149859,4.185073921703053,1.1509722651360577,1.872433673900964,2.240021415603778,1.3968417103052253
2019_Q4,3.7012186615843214,2.22389189368367,2.409930238776221,2.282336485016495,3.800187015919877,3.767287649491053,5.314309806604877,1.986878008922012,1.8701831232040451,1.751986374943574,4.0105399879436465,1.248019044979209,1.670045102549347,2.073960926335809,1.680257504075184
2020_Q4,3.8040838597198534,2.398941909891963,2.584792087024039,2.2767533778821374,3.997547375106282,4.059698188392429,5.349851700889468,2.3583630513829994,2.373719886775346,1.6942708729757734,4.49784079667775,1.615452850971645,1.7538678843171573,1.9422900003247,1.9693075294829152
2020_Q1,3.925171352436579,2.506349484921836,2.800322635226707,2.2361893268972914,4.21345185687302,4.246705773062944,5.297434203047594,2.5470041527102607,2.417225590718079,1.6141749686326794,4.475010153197377,1.6923935194150137,1.7837870608306934,2.04779273388443,2.604155004787988
2020_Q1,3.961482111128476,2.9980160023008082,2.5942395414194874,2.5248630926143054,4.206616866432695,3.5931527851900755,5.571605404879905,2.8798059084136693,2.532165474864221,1.7113599542372848,4.358072691718727,1.7156186430345306,1.8621463711053818,2.154903929537065,2.6044131153040526
2020_Q1,3.862688928567268,2.6846644761784404,2.5483987514350135,2.5045860771908184,4.116926467820313,3.3176232039259226,5.106561257490777,3.2312454339216368,2.6796835150235463,1.8559233691054504,4.554897207167572,1.5054614124758356,2.024234930413108,2.0273474652456582,2.6725291813216363
2020_Q2,3.862099898976444,2.872418199981025,2.7100715919385787,2.198675823013086,4.129851848693242,2.933714512406686,4.787400563069869,3.5074199157468,3.014518608114332,2.416580488246349,4.2746176978693455,1.2443926682955981,1.7927668734250213,2.157944872857658,2.849632934865305
2020_Q2,3.9606394413552093,3.312771484469485,3.0110319757801673,2.108168173030643,3.9024154563306617,3.2020064792559304,5.464611299651417,3.0979368081618093,2.9959630273837434,2.5649968450995213,4.619695475536237,1.318720068408769,1.9988174036844188,1.9036237568147023,2.4856349176148256
2020_Q2,4.318266682854589,3.543568835086218,3.243016081638803,2.7388812416156583,4.285513885872884,3.1586601743356564,6.601352493660186,3.1504863964171044,2.844990924054979,2.8356584725254037,4.552719580547436,1.199605407221915,2.186635036969757,2.226862395318667,3.0056958829476224
2020_Q3,4.712386981572743,3.4035482471036644,3.394282680250296,3.112684940575447,4.518804559632831,3.7539702109063917,8.772495473610467,3.24494825902863,2.6686064984364286,2.6872581570282756,5.401518368091531,1.5637985507744083,2.5336393895867593,2.145666472371131,3.324939469920792
2020_Q3,5.0666597998790905,2.528138686465086,3.8353609645933173,3.4984387919404676,4.633648928423962,3.968279416044086,9.463920285679283,3.3478933010763754,2.895497435685818,3.1643788636903243,5.829426254688966,1.4677204326967441,2.8321980508773326,2.488580411060003,3.8397530300456304
2020_Q3,5.287008173830307,2.7234639878402174,4.742264410122748,3.5119912857898457,5.239325824198705,4.178234877193875,9.94883755252089,3.64773093258721,2.8058112208026342,3.094431635973776,6.312657230970431,1.6989536265738232,2.5962189825066746,2.346693202971297,4.437713892566108
2020_Q4,5.256856385825878,2.4123309222095703,4.821637194177324,3.4117730092109255,5.0789353638937635,4.1170939321937015,10.335775256719803,3.8192483824755388,2.366726191205316,3.335165092751767,7.410966852832377,1.4282079608706497,2.701852547617504,2.2822259648167016,4.1577100211233455
2020_Q4,5.236843664174083,2.786867199944744,4.937316117044928,3.3600152291098864,5.198160440519542,4.08558149585297,11.082542878550669,3.9271217598361567,2.1296054486602567,3.4608903366994093,7.371482908789728,1.477022635690419,2.630064001986658,2.258120159422835,4.336879929579006
2021_Q4,5.114604780700557,2.0474020742568872,4.828902581317558,3.1464839517330097,4.8383962691884195,4.6036720847025725,11.200737608081912,3.346045877968249,2.295209366851172,3.5061471920686724,7.515694830443021,1.439699569579445,2.613070548499711,2.272440323317107,4.280762478360142
2021_Q1,5.061757378703484,2.622908413399088,4.540387884070603,3.3035947556088714,4.52939995275816,5.195154845499669,9.959116755012845,3.4707287000764753,2.923211351474368,3.0132825093559745,6.788498809585955,1.6071061248197023,2.567920143834183,2.4021928698472412,4.734786628447072
2021_Q1,4.897568595407185,2.5916683971690118,4.190183231353013,2.8766509910006057,4.689186991787806,5.09632674353989,9.644632314274242,2.9249092560395855,2.7437276078581836,3.043956236838042,6.470063151163101,1.5709715794208272,2.365102695024679,2.499660040122905,4.737718540619765
2021_Q1,4.684874145092552,2.8775079790399998,3.678756149336208,2.7063321114956915,4.3146999516437345,5.1091877009884445,9.052178226835844,2.7002303646231334,2.730549462467067,2.9568252390918017,6.922686584813582,1.2173502100539995,2.2025527672604186,2.4907235801987184,4.065802665536957
2021_Q2,4.593100362860638,2.439021753115813,3.774253902626655,2.5697516677466425,4.454240517232643,5.242665764417107,8.509199560651211,2.33386019533786,2.674610596567478,2.824609969384201,6.111616932924933,1.2558382768571186,2.2114041373388917,2.2681550081748223,4.258255663884966
2021_Q2,4.5563221772205305,2.1568569055489926,3.339587201782353,2.3509353146247305,4.858732229929263,4.895817701325425,7.115381455645478,2.739152080676579,2.4326139955992385,2.631997173337118,6.375939790151435,1.464574449340682,2.1616929507808624,2.1420186836124606,3.816782770644904
2021_Q2,4.553194556265434,1.9094437601354046,2.9972846798438924,2.4659099929997765,4.681201825201122,4.987794598625551,6.766465134833635,2.621961651293557,2.4159480938223767,2.607143630032751,5.115100028313341,1.447914370067319,2.1812625506400156,2.1173426961101356,4.089775379646805
2021_Q3,4.603321902035196,1.8553387871282228,2.975456193923706,2.81040805061964,4.525074998359877,5.1723379724786955,6.836882303076153,2.806436384492736,2.3092243609951737,2.439073633637514,4.816617177868074,1.5352797038262387,2.157285560776521,2.1591112587559596,4.071908235239802
2021_Q3,4.454526057397888,1.9141561569167476,2.836679170102705,2.7088961226219324,4.327733529036528,4.989452530732818,5.803335101814697,2.792945008994992,2.177570216404657,2.2529997867892884,4.417319838472467,1.2163682114755663,2.2693596767002884,2.241617876812173,4.251692088052139
2021_Q3,4.423475111017179,1.9304646188258032,2.7593702447866986,2.6453673597190965,4.507367136847003,5.203610485801694,5.535932801850493,2.6890434909302834,1.866269248175081,2.1206386568208226,4.178610611484505,1.6145633549393825,2.174829619467746,2.541663296197939,3.79216403158862
2021_Q4,4.215502106096735,1.8506007274037541,2.2587261610069658,2.544628591430181,4.311756904416633,4.344960634286636,5.4206736277614604,2.1739765316887913,2.091950584589193,2.0044380831189668,3.8569621529166542,1.4882737071376768,2.0700881983411645,2.637379624028432,2.940401905711257
2021_Q4,4.0647994443001645,1.7064902157961173,2.1353865656106428,2.6285564373555856,4.167100481660998,4.025167260484825,5.820638893699045,1.9055867295017463,1.8857367462286379,1.881031000253889,4.307355212444291,1.4983616979166874,1.6586577520688717,2.6678376387094196,2.6162665237526297
2022_Q4,3.9593428867923484,1.560943601599911,2.037565072473621,2.6293891234998568,4.265680393105669,2.8686030817852757,5.902613743200198,1.7467644629440158,2.053886053044484,1.7026064389386857,4.087963951868014,1.259857309022783,1.7354829372905545,2.423393342340695,2.727406082982981
2022_Q1,3.833694277704605,2.130613004277898,2.075111714514345,2.4240360843897633,4.354149031958907,2.54228013754082,6.329105111864643,2.2439021440750726,1.6535034188580198,1.8066838582735851,4.182523344926762,1.2628188254035337,1.551212445043714,2.2022982548640035,1.9209682374824195
2022_Q1,3.6613940314139497,1.862544797673902,2.2430196921451473,2.316642905423692,4.288760950724447,2.9503964821487947,5.638282423575848,2.0945642955323107,1.4866372817050717,1.7555997859694368,3.520183661756265,1.408482223136896,1.305388380507731,2.15650008582631,2.145791679657116
2022_Q1,3.611042971476798,1.7591323097922138,2.225275422653196,2.0397568942803552,4.07447669419957,2.9390654675681276,5.404561220032422,2.4897957961375257,1.5044255011169188,1.7523293223704655,3.6092098786480515,1.3663324389210565,1.3063501337250036,2.3334404441122154,1.7417253237916777
2022_Q2,3.484412178503673,1.8703416730933347,2.5758297827107564,2.173877854226375,3.7769594135953994,2.633694372353083,4.763446102444913,2.148046702177972,1.4008662072496854,1.6902916190762145,3.815204744430261,1.2184659517599146,1.2334916534326676,2.243183081739601,2.4246796177278904
2022_Q2,3.630701295676151,2.046279502819824,2.5457408783664226,2.257851996875638,3.9439088755793485,2.665735778723331,5.09562132055269,2.117001417025142,1.7653230036718717,1.7371572639728903,3.0255071015940582,1.1904278435205626,1.6369115254864373,2.16215107802105,2.1605206833503807
2022_Q2,3.555164269804128,1.945962902080557,2.31486473266788,2.1052730387020873,3.873797295852196,2.824991404597224,5.5304497886527155,1.6242054982098222,1.4888617560460666,1.7491772304682054,2.7337286312729527,1.1241702229465105,1.6318195970985618,2.0987481957522856,2.122250741260653
2022_Q3,3.641296289820148,2.03541626746373,2.310920872546515,1.6464283072963812,3.994693004277669,3.433555400777618,5.409245604242099,1.2419783280721073,1.4415459337427379,1.5137139899948249,2.8059620779396357,1.1939389670439897,1.6900519098052398,2.2530298235062234,2.323034999015037
2022_Q3,3.776074726577186,2.067009727528353,2.3043264328719064,1.395317145178926,4.396535174026677,3.4504648303786203,5.571602370393626,1.5326728184549159,1.524170895837462,1.5018276923313958,3.0110556338165138,1.232998398910621,1.9752149039099387,2.425767359186601,2.403235105458943
2022_Q3,3.9180640600091237,1.9552813923504566,2.3856547306056832,1.7533847868219272,4.380990151364928,3.168042617379724,5.644801341767193,1.9077185516201467,1.9609576802864928,1.987718996908279,3.1595795713707617,1.3439042885724526,1.9684891676102947,2.2241453115157155,2.26156364568129
2022_Q4,3.819885500442687,0.9505944794073131,1.9899695828505215,2.1222476814763973,4.250262186852979,3.221409544851179,6.182945568529856,2.0637862234055016,1.7106843860285998,1.8023308114632348,3.5026005834113048,1.3803670006037458,1.8710431053153027,1.8946037179127029,1.8673029240373147
2022_Q4,3.7876234173178784,0.6135100685680315,2.177607588245673,2.1889515130432273,3.8576129790604377,3.36828824480306,6.5657611224927495,2.501342844000395,1.6364348942496114,1.774480592645355,4.10637849417323,1.2620255660139723,1.9301032092699832,1.9487829321601984,1.8032942041800861
2022_Q4,3.679648192198611,0.8756997202410629,2.3665935506184526,2.2407453228467276,3.9335264760704076,3.3443988967968545,6.494303792675578,2.1095768155338215,1.4274653628933567,1.369373266670616,4.054777455065986,1.2709424375375482,1.9051715989673428,2.036962309897104,1.9475849902669633
2022_Q1,3.788203194518078,1.3015009594835152,2.6206048450555763,2.3014875713283196,4.215082696535398,3.503997669623077,6.402844700572248,2.22921659123358,1.541615254912178,1.639226270805218,4.020402457622964,0.9769552973883686,1.9350118065877335,2.132435136475262,2.022863972540051
2023_Q1,3.819961576419156,1.269924768503953,2.7110405611565613,2.615618308596109,3.996310789886425,3.5445059143706277,6.983933544326525,2.5900872954253513,1.6954790914636106,1.513720191907276,3.7762892542997464,1.0970976015839446,1.5097692473582056,2.070585509144659,2.6429388198722603
2023_Q1,3.618287411238541,1.596803170049185,2.8816048843259194,2.457189927772415,3.6644446583115338,3.6451301943004735,6.472509445671418,3.1320583557727084,1.6050483282637873,1.5186634944249675,3.687860077597567,1.0273545699055362,1.4249433177390247,2.030833657679042,2.8495411327516926
2023_Q2,3.7464197200814806,1.3336705719059503,3.554418421570557,2.108220035036001,4.460826243311054,4.319785549961046,5.986129973430794,3.2487708992471798,1.6676457905127267,1.2056121868344472,3.541119897341037,1.3453480812271796,1.4733542228604541,2.333128377750508,2.545689554591699
2023_Q2,4.054672057856328,1.9238039021143256,3.655916694218924,1.721540788823021,4.893189947960126,4.681918556532353,6.06933223566402,3.107315107373236,2.0719784488412216,1.652445233769725,3.8959782045884563,1.4798126729582062,1.574206871457296,2.6699352466213964,2.990158888077353
